               epoch,      train/box_loss,      train/obj_loss,      train/cls_loss,   metrics/precision,      metrics/recall,     metrics/mAP_0.5,metrics/mAP_0.5:0.95,        val/box_loss,        val/obj_loss,        val/cls_loss,               x/lr0,               x/lr1,               x/lr2
                   0,             0.12603,            0.012351,            0.077114,                   0,                   0,                   0,                   0,             0.12767,           0.0089586,            0.069454,              0.0973,              0.0003,              0.0003
                   1,             0.12592,             0.01144,            0.075057,          0.00073099,            0.033333,           0.0049852,          0.00099704,             0.12483,           0.0094008,            0.067998,            0.093697,          0.00069723,          0.00069723
                   2,             0.11823,            0.013052,            0.071283,           0.0014184,            0.066667,           0.0090498,           0.0017839,             0.12167,           0.0098762,            0.066711,            0.090091,           0.0010913,           0.0010913
                   3,             0.11316,            0.012435,            0.069015,           0.0017655,                 0.1,           0.0011907,          0.00018792,             0.11681,            0.010307,            0.065154,            0.086482,           0.0014822,           0.0014822
                   4,             0.10716,            0.016339,            0.067143,           0.0018409,             0.13333,           0.0033772,          0.00033772,             0.11162,            0.011104,            0.062942,             0.08287,           0.0018699,           0.0018699
                   5,            0.097757,            0.015457,            0.062476,            0.006593,             0.43333,           0.0053817,           0.0013729,             0.10125,            0.012612,            0.060229,            0.079254,           0.0022545,           0.0022545
                   6,             0.10214,            0.019011,            0.059525,           0.0081595,             0.53333,            0.011637,           0.0030523,            0.093248,            0.013956,            0.057072,            0.075636,           0.0026358,           0.0026358
                   7,             0.09203,            0.016076,            0.055126,           0.0079505,                 0.6,            0.010793,           0.0029594,            0.092341,            0.014112,             0.05507,            0.072014,           0.0030141,           0.0030141
                   8,            0.093887,            0.018748,            0.052617,           0.0086995,             0.83333,             0.02819,           0.0060511,            0.088934,            0.014685,            0.050807,            0.068389,           0.0033891,           0.0033891
                   9,            0.094871,            0.018664,            0.049458,           0.0081494,                 0.9,            0.030225,           0.0071875,            0.091633,            0.014285,            0.044536,            0.064761,            0.003761,            0.003761
                  10,            0.098234,            0.019315,             0.04406,           0.0076999,             0.86667,             0.14612,            0.049132,            0.076571,            0.016107,            0.042068,             0.06113,           0.0041297,           0.0041297
                  11,            0.086457,            0.019126,            0.041408,            0.007337,             0.93333,            0.047511,            0.011103,            0.086718,            0.014537,            0.041741,            0.057495,           0.0044953,           0.0044953
                  12,            0.085512,            0.018605,            0.043228,           0.0070964,             0.96667,             0.03299,           0.0091635,            0.090248,            0.014183,            0.039067,            0.053858,           0.0048576,           0.0048576
                  13,            0.091091,            0.022161,            0.039072,           0.0071602,             0.96667,            0.060806,            0.013951,            0.081073,            0.015343,            0.037692,            0.050217,           0.0052169,           0.0052169
                  14,            0.085908,            0.021528,             0.03879,           0.0071602,             0.96667,            0.060806,            0.013951,            0.081073,            0.015343,            0.037692,            0.046573,           0.0055729,           0.0055729
                  15,             0.07977,            0.020694,            0.034877,           0.0070763,                   1,             0.13152,            0.043788,             0.07434,            0.015766,            0.036508,            0.042926,           0.0059258,           0.0059258
                  16,            0.081236,            0.019445,            0.031822,           0.0070463,             0.96667,            0.042627,           0.0099089,            0.091798,            0.012941,            0.034497,            0.039275,           0.0062755,           0.0062755
                  17,            0.092243,             0.01641,            0.033712,             0.04759,                 0.1,            0.084829,            0.026712,            0.097118,            0.011595,            0.032616,            0.035622,            0.006622,            0.006622
                  18,            0.087302,            0.017232,            0.031592,             0.04759,                 0.1,            0.084829,            0.026712,            0.097118,            0.011595,            0.032616,            0.031965,           0.0069654,           0.0069654
                  19,            0.093571,            0.016304,            0.026793,           0.0093472,             0.33333,             0.01902,           0.0061817,            0.094417,            0.011439,            0.031344,            0.028306,           0.0073056,           0.0073056
                  20,            0.092178,            0.016453,            0.027369,            0.081005,                 0.3,             0.16622,            0.066243,            0.093635,            0.010649,            0.029592,            0.024643,           0.0076426,           0.0076426
                  21,            0.095331,            0.016095,            0.027944,            0.081005,                 0.3,             0.16622,            0.066243,            0.093635,            0.010649,            0.029592,            0.020977,           0.0079765,           0.0079765
                  22,            0.091857,            0.013863,            0.027026,             0.16933,             0.36276,             0.19813,            0.078421,            0.085405,            0.011462,            0.028448,            0.017307,           0.0083072,           0.0083072
                  23,            0.087484,            0.012973,              0.0252,            0.017548,             0.36667,            0.016934,           0.0034205,             0.10138,            0.010111,            0.023452,            0.013635,           0.0086347,           0.0086347
                  24,            0.097417,            0.012259,            0.024135,            0.017548,             0.36667,            0.016934,           0.0034205,             0.10138,            0.010111,            0.023452,           0.0099591,           0.0089591,           0.0089591
                  25,            0.093275,            0.014525,            0.025227,             0.45587,             0.43333,              0.5478,             0.13013,            0.090256,            0.011309,            0.019257,             0.00901,             0.00901,             0.00901
                  26,            0.090105,            0.013908,            0.021669,             0.45587,             0.43333,              0.5478,             0.13013,            0.090256,            0.011309,            0.019257,             0.00901,             0.00901,             0.00901
                  27,            0.086523,            0.017508,            0.020441,             0.46481,                 0.4,             0.35131,             0.14469,            0.074674,            0.013251,            0.015798,           0.0089704,           0.0089704,           0.0089704
                  28,            0.075239,            0.015774,            0.020316,             0.46481,                 0.4,             0.35131,             0.14469,            0.074674,            0.013251,            0.015798,           0.0089308,           0.0089308,           0.0089308
                  29,             0.06972,            0.014986,            0.019062,             0.49779,             0.59745,              0.4729,             0.18204,            0.070142,            0.013953,            0.014096,           0.0088912,           0.0088912,           0.0088912
                  30,            0.077284,            0.016868,            0.018046,             0.30833,             0.59992,             0.29143,            0.090814,            0.090127,            0.013065,            0.012428,           0.0088516,           0.0088516,           0.0088516
                  31,            0.085088,            0.013478,            0.017351,             0.30833,             0.59992,             0.29143,            0.090814,            0.090127,            0.013065,            0.012428,            0.008812,            0.008812,            0.008812
                  32,            0.082232,            0.013741,             0.01706,             0.76603,             0.51953,             0.67123,             0.22585,            0.086989,            0.013906,            0.010572,           0.0087724,           0.0087724,           0.0087724
                  33,            0.090407,            0.012099,            0.015674,             0.76603,             0.51953,             0.67123,             0.22585,            0.086989,            0.013906,            0.010572,           0.0087328,           0.0087328,           0.0087328
                  34,            0.082802,            0.014361,            0.015563,             0.51488,             0.38739,             0.41281,             0.18493,            0.087236,            0.014977,           0.0095783,           0.0086932,           0.0086932,           0.0086932
                  35,            0.082819,            0.013517,             0.01292,             0.51488,             0.38739,             0.41281,             0.18493,            0.087236,            0.014977,           0.0095783,           0.0086536,           0.0086536,           0.0086536
                  36,            0.082249,            0.015204,            0.013265,             0.47445,             0.55084,              0.5674,             0.24188,            0.084064,            0.014865,           0.0089554,            0.008614,            0.008614,            0.008614
                  37,            0.081492,            0.014614,            0.013837,             0.46093,             0.66285,             0.56797,             0.18914,             0.07961,            0.014926,           0.0086528,           0.0085744,           0.0085744,           0.0085744
                  38,            0.086348,            0.011479,            0.013617,             0.46093,             0.66285,             0.56797,             0.18914,             0.07961,            0.014926,           0.0086528,           0.0085348,           0.0085348,           0.0085348
                  39,             0.08563,            0.015185,            0.011983,             0.43748,                 0.4,             0.53697,             0.18168,            0.084173,            0.015918,           0.0078577,           0.0084952,           0.0084952,           0.0084952
                  40,            0.083085,            0.012892,            0.010855,             0.43748,                 0.4,             0.53697,             0.18168,            0.084173,            0.015918,           0.0078577,           0.0084556,           0.0084556,           0.0084556
                  41,            0.083134,            0.012591,           0.0099547,             0.67446,             0.66667,             0.71404,             0.13367,            0.087038,            0.015162,           0.0076101,            0.008416,            0.008416,            0.008416
                  42,            0.088574,             0.01396,             0.01129,             0.67446,             0.66667,             0.71404,             0.13367,            0.087038,            0.015162,           0.0076101,           0.0083764,           0.0083764,           0.0083764
                  43,            0.082539,            0.013673,            0.012602,             0.56709,             0.74437,             0.64197,             0.14748,            0.084378,            0.014869,           0.0075038,           0.0083368,           0.0083368,           0.0083368
                  44,            0.086851,            0.010668,            0.010115,             0.38023,             0.31812,             0.38085,              0.1733,             0.09006,            0.014184,            0.007366,           0.0082972,           0.0082972,           0.0082972
                  45,            0.084243,            0.013537,            0.011773,             0.38023,             0.31812,             0.38085,              0.1733,             0.09006,            0.014184,            0.007366,           0.0082576,           0.0082576,           0.0082576
                  46,            0.080041,             0.01331,            0.011146,             0.50708,             0.66667,             0.74435,               0.261,            0.072981,            0.014398,           0.0075669,            0.008218,            0.008218,            0.008218
                  47,            0.072836,            0.014562,            0.010659,             0.50708,             0.66667,             0.74435,               0.261,            0.072981,            0.014398,           0.0075669,           0.0081784,           0.0081784,           0.0081784
                  48,             0.06952,            0.017274,            0.011733,             0.48739,             0.76667,             0.66539,             0.26304,            0.060236,            0.014819,           0.0073984,           0.0081388,           0.0081388,           0.0081388
                  49,            0.065323,            0.013558,            0.010701,             0.48739,             0.76667,             0.66539,             0.26304,            0.060236,            0.014819,           0.0073984,           0.0080992,           0.0080992,           0.0080992
                  50,            0.061296,              0.0153,            0.010899,             0.56333,             0.82652,             0.80295,             0.33767,            0.057516,            0.014483,           0.0072793,           0.0080596,           0.0080596,           0.0080596
                  51,            0.065671,            0.014837,            0.010079,             0.29828,                 0.7,              0.5463,             0.18311,            0.073762,            0.013907,           0.0070528,             0.00802,             0.00802,             0.00802
                  52,            0.070413,            0.012625,            0.011279,             0.29828,                 0.7,              0.5463,             0.18311,            0.073762,            0.013907,           0.0070528,           0.0079804,           0.0079804,           0.0079804
                  53,            0.077197,            0.014357,            0.010356,             0.43405,             0.68572,              0.6444,             0.17722,            0.076891,            0.013406,           0.0064511,           0.0079408,           0.0079408,           0.0079408
                  54,            0.080565,            0.012881,           0.0089938,             0.43405,             0.68572,              0.6444,             0.17722,            0.076891,            0.013406,           0.0064511,           0.0079012,           0.0079012,           0.0079012
                  55,            0.080733,            0.011703,           0.0083931,             0.28135,             0.86667,             0.57187,             0.22232,            0.074691,            0.012864,           0.0062127,           0.0078616,           0.0078616,           0.0078616
                  56,            0.075532,            0.014299,           0.0083578,             0.28135,             0.86667,             0.57187,             0.22232,            0.074691,            0.012864,           0.0062127,            0.007822,            0.007822,            0.007822
                  57,            0.075991,            0.013525,           0.0092415,             0.47168,                 0.7,             0.74024,             0.27675,            0.070785,            0.012673,           0.0061091,           0.0077824,           0.0077824,           0.0077824
                  58,            0.078035,            0.014179,           0.0088829,             0.31517,             0.73333,             0.63981,             0.26327,            0.076353,            0.012354,           0.0063613,           0.0077428,           0.0077428,           0.0077428
                  59,            0.076956,            0.013174,            0.010722,             0.31517,             0.73333,             0.63981,             0.26327,            0.076353,            0.012354,           0.0063613,           0.0077032,           0.0077032,           0.0077032
                  60,            0.075581,             0.01277,           0.0091542,             0.79563,             0.52591,              0.7591,              0.3559,            0.060227,             0.01305,           0.0063499,           0.0076636,           0.0076636,           0.0076636
                  61,            0.069776,             0.01386,           0.0093106,             0.79563,             0.52591,              0.7591,              0.3559,            0.060227,             0.01305,           0.0063499,            0.007624,            0.007624,            0.007624
                  62,            0.068059,            0.012928,           0.0089279,             0.80842,             0.52387,             0.78744,             0.37621,            0.064802,            0.012824,           0.0064743,           0.0075844,           0.0075844,           0.0075844
                  63,            0.068197,            0.012224,           0.0086423,             0.80842,             0.52387,             0.78744,             0.37621,            0.064802,            0.012824,           0.0064743,           0.0075448,           0.0075448,           0.0075448
                  64,            0.075577,            0.015137,            0.010572,             0.84565,             0.56667,             0.80449,             0.41714,            0.064668,            0.012991,           0.0066222,           0.0075052,           0.0075052,           0.0075052
                  65,            0.066652,             0.01187,           0.0084567,             0.85632,             0.48334,             0.74097,             0.24902,            0.069058,              0.0129,           0.0068789,           0.0074656,           0.0074656,           0.0074656
                  66,            0.069457,             0.01205,           0.0093571,             0.85632,             0.48334,             0.74097,             0.24902,            0.069058,              0.0129,           0.0068789,            0.007426,            0.007426,            0.007426
                  67,            0.070028,            0.012431,           0.0098204,             0.96602,             0.57174,              0.7712,             0.32761,             0.05857,             0.01281,           0.0070331,           0.0073864,           0.0073864,           0.0073864
                  68,            0.062677,            0.011913,            0.010312,             0.96602,             0.57174,              0.7712,             0.32761,             0.05857,             0.01281,           0.0070331,           0.0073468,           0.0073468,           0.0073468
                  69,            0.058237,            0.011341,           0.0093383,             0.93131,              0.5191,             0.76086,             0.42982,            0.056477,            0.012482,           0.0069672,           0.0073072,           0.0073072,           0.0073072
                  70,            0.060532,            0.014794,            0.008599,             0.93131,              0.5191,             0.76086,             0.42982,            0.056477,            0.012482,           0.0069672,           0.0072676,           0.0072676,           0.0072676
                  71,            0.059516,            0.013707,            0.010283,             0.92871,             0.51719,             0.75636,             0.42888,               0.058,            0.012203,           0.0071231,            0.007228,            0.007228,            0.007228
                  72,            0.067891,            0.013993,            0.012329,              0.8833,             0.63333,             0.86401,             0.42566,            0.051872,            0.010856,           0.0068209,           0.0071884,           0.0071884,           0.0071884
                  73,            0.056232,            0.013021,            0.010755,              0.8833,             0.63333,             0.86401,             0.42566,            0.051872,            0.010856,           0.0068209,           0.0071488,           0.0071488,           0.0071488
                  74,            0.062099,            0.011404,            0.011099,                   1,             0.62461,              0.9251,             0.55662,            0.051615,            0.010673,           0.0068039,           0.0071092,           0.0071092,           0.0071092
                  75,            0.057092,           0.0098168,           0.0089626,                   1,             0.62461,              0.9251,             0.55662,            0.051615,            0.010673,           0.0068039,           0.0070696,           0.0070696,           0.0070696
                  76,            0.053632,             0.01377,            0.010591,             0.85438,                 0.9,             0.98375,             0.59749,            0.043759,            0.010739,            0.006788,             0.00703,             0.00703,             0.00703
                  77,            0.049343,            0.013441,            0.008456,             0.85438,                 0.9,             0.98375,             0.59749,            0.043759,            0.010739,            0.006788,           0.0069904,           0.0069904,           0.0069904
                  78,            0.052735,            0.012949,           0.0081243,             0.76351,                 0.9,             0.96631,             0.56293,            0.043078,            0.010383,           0.0067243,           0.0069508,           0.0069508,           0.0069508
                  79,            0.050544,            0.013439,           0.0092587,             0.82017,             0.59444,             0.78857,             0.42206,             0.05258,            0.010334,           0.0063846,           0.0069112,           0.0069112,           0.0069112
                  80,            0.058472,             0.01033,           0.0080444,             0.82017,             0.59444,             0.78857,             0.42206,             0.05258,            0.010334,           0.0063846,           0.0068716,           0.0068716,           0.0068716
                  81,            0.060811,            0.013421,           0.0087874,             0.97395,             0.63333,             0.85904,             0.41379,            0.055286,           0.0095367,           0.0060595,            0.006832,            0.006832,            0.006832
                  82,            0.060607,            0.014264,           0.0075828,             0.97395,             0.63333,             0.85904,             0.41379,            0.055286,           0.0095367,           0.0060595,           0.0067924,           0.0067924,           0.0067924
                  83,            0.056155,            0.010374,           0.0072312,             0.81569,             0.86667,             0.93972,             0.53398,            0.048135,           0.0092404,           0.0060736,           0.0067528,           0.0067528,           0.0067528
                  84,            0.052162,            0.010172,           0.0067852,             0.81569,             0.86667,             0.93972,             0.53398,            0.048135,           0.0092404,           0.0060736,           0.0067132,           0.0067132,           0.0067132
                  85,            0.050761,            0.010632,            0.006417,               0.922,             0.86667,             0.96859,             0.58237,            0.045057,           0.0088885,            0.005964,           0.0066736,           0.0066736,           0.0066736
                  86,            0.053117,             0.01342,           0.0090714,             0.42504,             0.79328,             0.76656,             0.31956,             0.06398,           0.0087546,           0.0059165,            0.006634,            0.006634,            0.006634
                  87,            0.066098,           0.0090736,           0.0070135,             0.42504,             0.79328,             0.76656,             0.31956,             0.06398,           0.0087546,           0.0059165,           0.0065944,           0.0065944,           0.0065944
                  88,            0.058258,            0.010858,           0.0063184,             0.68747,             0.94635,             0.92448,             0.58244,            0.038849,           0.0090732,           0.0057108,           0.0065548,           0.0065548,           0.0065548
                  89,             0.04599,            0.010294,             0.00761,             0.68747,             0.94635,             0.92448,             0.58244,            0.038849,           0.0090732,           0.0057108,           0.0065152,           0.0065152,           0.0065152
                  90,             0.04546,            0.010797,           0.0058552,              0.7996,             0.93333,             0.95353,             0.62035,            0.039156,           0.0089495,           0.0054265,           0.0064756,           0.0064756,           0.0064756
                  91,             0.04797,            0.011823,           0.0068543,              0.7996,             0.93333,             0.95353,             0.62035,            0.039156,           0.0089495,           0.0054265,            0.006436,            0.006436,            0.006436
                  92,            0.048073,            0.012355,           0.0062929,             0.82709,             0.96244,              0.9786,             0.66813,            0.041242,           0.0086835,           0.0053162,           0.0063964,           0.0063964,           0.0063964
                  93,            0.046493,            0.011165,           0.0057787,             0.92642,             0.85403,              0.9806,             0.52526,            0.049117,           0.0084452,           0.0051094,           0.0063568,           0.0063568,           0.0063568
                  94,            0.061299,           0.0098382,           0.0058139,             0.92642,             0.85403,              0.9806,             0.52526,            0.049117,           0.0084452,           0.0051094,           0.0063172,           0.0063172,           0.0063172
                  95,             0.05542,            0.011176,           0.0059182,             0.65395,             0.69664,             0.81371,             0.47021,            0.047101,           0.0086275,           0.0049708,           0.0062776,           0.0062776,           0.0062776
                  96,            0.056552,           0.0096798,           0.0060528,             0.65395,             0.69664,             0.81371,             0.47021,            0.047101,           0.0086275,           0.0049708,            0.006238,            0.006238,            0.006238
                  97,            0.049857,            0.011838,           0.0057255,             0.84228,                 0.9,             0.95785,               0.644,             0.04035,           0.0086802,           0.0047774,           0.0061984,           0.0061984,           0.0061984
                  98,             0.04762,            0.011575,           0.0058784,             0.84228,                 0.9,             0.95785,               0.644,             0.04035,           0.0086802,           0.0047774,           0.0061588,           0.0061588,           0.0061588
                  99,            0.050804,            0.012367,           0.0054789,             0.85696,             0.98383,             0.94715,             0.64496,             0.03911,           0.0086811,           0.0047047,           0.0061192,           0.0061192,           0.0061192
                 100,            0.045396,            0.011389,           0.0056795,             0.89732,             0.86358,             0.96444,             0.50884,            0.053348,           0.0081539,           0.0045457,           0.0060796,           0.0060796,           0.0060796
                 101,            0.058638,           0.0097189,           0.0053302,             0.89732,             0.86358,             0.96444,             0.50884,            0.053348,           0.0081539,           0.0045457,             0.00604,             0.00604,             0.00604
                 102,            0.054702,            0.010131,           0.0051508,             0.83166,             0.83333,             0.93429,             0.57041,            0.040338,           0.0086229,           0.0044806,           0.0060004,           0.0060004,           0.0060004
                 103,            0.046604,             0.01176,           0.0055514,             0.83166,             0.83333,             0.93429,             0.57041,            0.040338,           0.0086229,           0.0044806,           0.0059608,           0.0059608,           0.0059608
                 104,            0.045027,           0.0096908,           0.0051835,              0.9811,             0.99397,               0.995,             0.68796,            0.033623,           0.0086573,           0.0045218,           0.0059212,           0.0059212,           0.0059212
                 105,            0.041012,            0.010712,           0.0066725,              0.9811,             0.99397,               0.995,             0.68796,            0.033623,           0.0086573,           0.0045218,           0.0058816,           0.0058816,           0.0058816
                 106,            0.041771,            0.012072,           0.0072877,             0.94899,             0.99143,             0.99313,             0.63503,            0.034003,           0.0085855,           0.0044932,            0.005842,            0.005842,            0.005842
                 107,            0.041003,            0.011032,           0.0050457,             0.81816,             0.76667,             0.87238,             0.26923,            0.063733,           0.0080178,           0.0042501,           0.0058024,           0.0058024,           0.0058024
                 108,            0.064056,            0.012095,           0.0048963,             0.81816,             0.76667,             0.87238,             0.26923,            0.063733,           0.0080178,           0.0042501,           0.0057628,           0.0057628,           0.0057628
                 109,            0.059639,            0.011696,           0.0052413,             0.74885,             0.93333,             0.91745,             0.63961,            0.038076,           0.0083535,           0.0043564,           0.0057232,           0.0057232,           0.0057232
                 110,            0.046079,            0.012645,           0.0050631,             0.74885,             0.93333,             0.91745,             0.63961,            0.038076,           0.0083535,           0.0043564,           0.0056836,           0.0056836,           0.0056836
                 111,            0.045387,            0.012514,           0.0053441,              0.8188,                   1,             0.98014,             0.75008,            0.039955,           0.0077798,           0.0043939,            0.005644,            0.005644,            0.005644
                 112,             0.04638,            0.011687,           0.0052786,              0.8188,                   1,             0.98014,             0.75008,            0.039955,           0.0077798,           0.0043939,           0.0056044,           0.0056044,           0.0056044
                 113,            0.044343,            0.011962,           0.0051837,             0.83135,             0.98558,             0.96065,             0.72556,            0.036261,           0.0079611,           0.0043789,           0.0055648,           0.0055648,           0.0055648
                 114,            0.040541,            0.010433,            0.005854,             0.88863,             0.98563,             0.96875,             0.68346,            0.042181,           0.0075331,           0.0042401,           0.0055252,           0.0055252,           0.0055252
                 115,            0.048436,            0.011379,           0.0052618,             0.88863,             0.98563,             0.96875,             0.68346,            0.042181,           0.0075331,           0.0042401,           0.0054856,           0.0054856,           0.0054856
                 116,            0.051863,            0.010965,           0.0047107,             0.91385,             0.95162,             0.96356,             0.59808,            0.043117,           0.0077426,            0.004236,            0.005446,            0.005446,            0.005446
                 117,            0.056146,             0.01208,           0.0048238,             0.91385,             0.95162,             0.96356,             0.59808,            0.043117,           0.0077426,            0.004236,           0.0054064,           0.0054064,           0.0054064
                 118,            0.047533,            0.011797,           0.0055713,             0.89303,              0.9855,             0.99147,             0.64268,            0.034883,           0.0078859,           0.0042221,           0.0053668,           0.0053668,           0.0053668
                 119,            0.041132,            0.010181,           0.0051631,             0.89303,              0.9855,             0.99147,             0.64268,            0.034883,           0.0078859,           0.0042221,           0.0053272,           0.0053272,           0.0053272
                 120,            0.039761,           0.0097578,           0.0049868,             0.92278,             0.98868,             0.98914,             0.64471,            0.033245,           0.0078047,           0.0041674,           0.0052876,           0.0052876,           0.0052876
                 121,            0.039536,            0.010923,           0.0052268,             0.75978,             0.96667,             0.95237,             0.58702,            0.045209,           0.0075043,           0.0042387,            0.005248,            0.005248,            0.005248
                 122,            0.047894,           0.0095619,           0.0057331,             0.75978,             0.96667,             0.95237,             0.58702,            0.045209,           0.0075043,           0.0042387,           0.0052084,           0.0052084,           0.0052084
                 123,            0.052414,            0.010283,           0.0052269,             0.94734,             0.96667,             0.98594,             0.69534,            0.034105,           0.0080124,           0.0043692,           0.0051688,           0.0051688,           0.0051688
                 124,             0.04053,           0.0090373,           0.0048401,             0.94734,             0.96667,             0.98594,             0.69534,            0.034105,           0.0080124,           0.0043692,           0.0051292,           0.0051292,           0.0051292
                 125,            0.040384,            0.012274,           0.0051637,             0.92369,             0.96667,             0.98462,             0.66139,            0.038881,           0.0079578,           0.0043299,           0.0050896,           0.0050896,           0.0050896
                 126,            0.041758,             0.01093,            0.004652,             0.92369,             0.96667,             0.98462,             0.66139,            0.038881,           0.0079578,           0.0043299,             0.00505,             0.00505,             0.00505
                 127,            0.045218,            0.010349,           0.0051001,              0.9645,             0.96667,             0.99313,             0.69178,            0.036859,           0.0077809,           0.0043643,           0.0050104,           0.0050104,           0.0050104
                 128,             0.03718,            0.010285,           0.0051245,             0.94798,             0.97386,               0.995,             0.68874,            0.037937,           0.0076038,           0.0044738,           0.0049708,           0.0049708,           0.0049708
                 129,             0.04968,           0.0094783,           0.0057521,             0.94798,             0.97386,               0.995,             0.68874,            0.037937,           0.0076038,           0.0044738,           0.0049312,           0.0049312,           0.0049312
                 130,            0.044239,           0.0081391,           0.0066307,             0.85667,             0.93593,             0.94138,             0.61242,            0.039538,           0.0078755,           0.0046115,           0.0048916,           0.0048916,           0.0048916
                 131,            0.043013,           0.0099913,           0.0093323,             0.85667,             0.93593,             0.94138,             0.61242,            0.039538,           0.0078755,           0.0046115,            0.004852,            0.004852,            0.004852
                 132,            0.040731,           0.0099646,           0.0052309,             0.93905,              0.9885,             0.99147,             0.71809,            0.033528,           0.0079256,           0.0046767,           0.0048124,           0.0048124,           0.0048124
                 133,            0.038568,             0.01056,           0.0049723,             0.93905,              0.9885,             0.99147,             0.71809,            0.033528,           0.0079256,           0.0046767,           0.0047728,           0.0047728,           0.0047728
                 134,            0.036529,           0.0099559,           0.0049335,             0.99645,             0.99318,               0.995,             0.76085,            0.028897,           0.0080441,           0.0047269,           0.0047332,           0.0047332,           0.0047332
                 135,            0.035462,           0.0088864,           0.0050521,             0.89433,             0.91793,             0.95943,             0.48902,            0.041811,           0.0077727,           0.0048169,           0.0046936,           0.0046936,           0.0046936
                 136,            0.045308,            0.011698,           0.0054646,             0.89433,             0.91793,             0.95943,             0.48902,            0.041811,           0.0077727,           0.0048169,            0.004654,            0.004654,            0.004654
                 137,            0.041764,           0.0093183,           0.0045713,             0.97745,             0.94802,                0.99,             0.76242,            0.030792,           0.0078814,           0.0047491,           0.0046144,           0.0046144,           0.0046144
                 138,            0.037346,            0.011092,           0.0053398,             0.97745,             0.94802,                0.99,             0.76242,            0.030792,           0.0078814,           0.0047491,           0.0045748,           0.0045748,           0.0045748
                 139,            0.038894,            0.010855,           0.0049205,             0.93789,             0.99841,             0.98093,             0.70647,            0.034414,           0.0078682,           0.0046608,           0.0045352,           0.0045352,           0.0045352
                 140,            0.039924,            0.011544,           0.0049684,             0.93789,             0.99841,             0.98093,             0.70647,            0.034414,           0.0078682,           0.0046608,           0.0044956,           0.0044956,           0.0044956
                 141,            0.036709,            0.010106,           0.0047523,             0.99469,                   1,               0.995,             0.79677,              0.0285,           0.0077212,           0.0045419,            0.004456,            0.004456,            0.004456
                 142,            0.032763,           0.0087384,           0.0045604,             0.78661,             0.90502,             0.93232,             0.65747,            0.034016,           0.0078254,           0.0044121,           0.0044164,           0.0044164,           0.0044164
                 143,            0.046155,            0.010868,           0.0059912,             0.78661,             0.90502,             0.93232,             0.65747,            0.034016,           0.0078254,           0.0044121,           0.0043768,           0.0043768,           0.0043768
                 144,            0.044135,            0.011363,           0.0046114,             0.74724,             0.92028,             0.92239,             0.66729,            0.038427,           0.0075177,           0.0043802,           0.0043372,           0.0043372,           0.0043372
                 145,            0.044251,            0.010867,            0.005892,             0.74724,             0.92028,             0.92239,             0.66729,            0.038427,           0.0075177,           0.0043802,           0.0042976,           0.0042976,           0.0042976
                 146,            0.038961,            0.010505,           0.0060567,             0.88114,             0.91351,             0.97848,             0.65953,            0.031148,           0.0078317,           0.0043803,            0.004258,            0.004258,            0.004258
                 147,            0.035962,           0.0098226,           0.0048154,             0.88114,             0.91351,             0.97848,             0.65953,            0.031148,           0.0078317,           0.0043803,           0.0042184,           0.0042184,           0.0042184
                 148,            0.033023,            0.010039,           0.0043004,             0.98109,             0.98605,               0.995,              0.7269,            0.026824,           0.0078455,           0.0043292,           0.0041788,           0.0041788,           0.0041788
                 149,            0.029828,            0.010689,           0.0044698,              0.7682,             0.93333,             0.92452,             0.68409,            0.038046,           0.0075263,           0.0041055,           0.0041392,           0.0041392,           0.0041392
                 150,            0.047113,           0.0084344,           0.0067771,              0.7682,             0.93333,             0.92452,             0.68409,            0.038046,           0.0075263,           0.0041055,           0.0040996,           0.0040996,           0.0040996
                 151,            0.045792,           0.0092407,           0.0047555,             0.85425,             0.95862,             0.97087,             0.67891,            0.030363,           0.0077323,           0.0041296,             0.00406,             0.00406,             0.00406
                 152,            0.038254,           0.0098707,           0.0044826,             0.85425,             0.95862,             0.97087,             0.67891,            0.030363,           0.0077323,           0.0041296,           0.0040204,           0.0040204,           0.0040204
                 153,            0.033467,           0.0098333,           0.0042505,             0.95904,             0.99168,              0.9825,              0.7485,            0.027704,           0.0076155,           0.0041018,           0.0039808,           0.0039808,           0.0039808
                 154,            0.036087,            0.012083,             0.00433,             0.95904,             0.99168,              0.9825,              0.7485,            0.027704,           0.0076155,           0.0041018,           0.0039412,           0.0039412,           0.0039412
                 155,             0.03163,            0.012018,           0.0044206,             0.99453,             0.99599,               0.995,              0.7282,            0.027519,           0.0075041,           0.0040616,           0.0039016,           0.0039016,           0.0039016
                 156,            0.034107,           0.0097861,           0.0045309,             0.93245,              0.9734,             0.98281,             0.67206,            0.031624,           0.0075372,            0.003949,            0.003862,            0.003862,            0.003862
                 157,            0.038341,           0.0095646,           0.0043739,             0.93245,              0.9734,             0.98281,             0.67206,            0.031624,           0.0075372,            0.003949,           0.0038224,           0.0038224,           0.0038224
                 158,            0.042039,            0.010655,           0.0045866,             0.99436,                   1,               0.995,             0.73805,            0.025864,           0.0073786,           0.0039084,           0.0037828,           0.0037828,           0.0037828
                 159,            0.032531,           0.0093613,           0.0045717,             0.99436,                   1,               0.995,             0.73805,            0.025864,           0.0073786,           0.0039084,           0.0037432,           0.0037432,           0.0037432
                 160,            0.027287,           0.0087025,           0.0048275,             0.99241,                   1,               0.995,             0.71185,            0.023866,           0.0073368,           0.0038739,           0.0037036,           0.0037036,           0.0037036
                 161,            0.029765,            0.010287,           0.0044905,             0.99241,                   1,               0.995,             0.71185,            0.023866,           0.0073368,           0.0038739,            0.003664,            0.003664,            0.003664
                 162,            0.034112,            0.010656,           0.0042139,             0.98971,                   1,               0.995,             0.71438,            0.025885,           0.0073383,           0.0038115,           0.0036244,           0.0036244,           0.0036244
                 163,            0.030111,           0.0096077,           0.0043989,             0.99235,                   1,               0.995,             0.65815,             0.02867,           0.0071896,           0.0037034,           0.0035848,           0.0035848,           0.0035848
                 164,            0.037277,           0.0096066,           0.0038848,             0.99235,                   1,               0.995,             0.65815,             0.02867,           0.0071896,           0.0037034,           0.0035452,           0.0035452,           0.0035452
                 165,            0.037587,           0.0098057,           0.0053388,             0.86111,             0.99771,             0.95718,             0.72157,            0.026896,           0.0071594,           0.0036478,           0.0035056,           0.0035056,           0.0035056
                 166,            0.031041,           0.0093024,           0.0038711,             0.86111,             0.99771,             0.95718,             0.72157,            0.026896,           0.0071594,           0.0036478,            0.003466,            0.003466,            0.003466
                 167,            0.031095,             0.01026,           0.0042416,             0.98341,                   1,               0.995,             0.73126,            0.023736,           0.0070984,           0.0035644,           0.0034264,           0.0034264,           0.0034264
                 168,            0.033102,            0.010782,           0.0041687,             0.98341,                   1,               0.995,             0.73126,            0.023736,           0.0070984,           0.0035644,           0.0033868,           0.0033868,           0.0033868
                 169,            0.029133,           0.0092109,           0.0038242,              0.9788,                   1,               0.995,             0.74905,            0.023544,           0.0069865,           0.0034832,           0.0033472,           0.0033472,           0.0033472
                 170,            0.028162,            0.010552,           0.0038211,             0.92679,             0.86667,             0.96252,             0.67715,            0.030763,           0.0069697,           0.0034485,           0.0033076,           0.0033076,           0.0033076
                 171,            0.040638,           0.0088865,           0.0038174,             0.92679,             0.86667,             0.96252,             0.67715,            0.030763,           0.0069697,           0.0034485,            0.003268,            0.003268,            0.003268
                 172,              0.0383,            0.010629,           0.0040655,             0.98124,                   1,               0.995,             0.75815,            0.027108,           0.0066797,           0.0033858,           0.0032284,           0.0032284,           0.0032284
                 173,            0.034555,           0.0085851,           0.0035953,             0.98124,                   1,               0.995,             0.75815,            0.027108,           0.0066797,           0.0033858,           0.0031888,           0.0031888,           0.0031888
                 174,            0.033795,            0.009327,           0.0035812,             0.98749,                   1,               0.995,             0.78666,            0.022444,             0.00675,           0.0033602,           0.0031492,           0.0031492,           0.0031492
                 175,              0.0283,           0.0089768,           0.0035896,             0.98749,                   1,               0.995,             0.78666,            0.022444,             0.00675,           0.0033602,           0.0031096,           0.0031096,           0.0031096
                 176,            0.027225,           0.0091453,           0.0035333,             0.98958,                   1,               0.995,             0.74188,            0.023799,           0.0068214,           0.0033356,             0.00307,             0.00307,             0.00307
                 177,            0.028921,           0.0085763,           0.0033675,              0.9747,                   1,               0.995,             0.74718,            0.027135,           0.0067259,           0.0033361,           0.0030304,           0.0030304,           0.0030304
                 178,            0.037433,           0.0099328,           0.0037069,              0.9747,                   1,               0.995,             0.74718,            0.027135,           0.0067259,           0.0033361,           0.0029908,           0.0029908,           0.0029908
                 179,            0.032377,           0.0077569,           0.0042597,             0.97723,                   1,               0.995,             0.80767,            0.022198,           0.0067241,           0.0033271,           0.0029512,           0.0029512,           0.0029512
                 180,            0.028963,            0.010078,           0.0038803,             0.97723,                   1,               0.995,             0.80767,            0.022198,           0.0067241,           0.0033271,           0.0029116,           0.0029116,           0.0029116
                 181,            0.028491,            0.010328,           0.0036867,             0.98945,                   1,               0.995,             0.73209,            0.025449,           0.0067082,           0.0033258,            0.002872,            0.002872,            0.002872
                 182,            0.032212,            0.011018,           0.0036624,             0.98945,                   1,               0.995,             0.73209,            0.025449,           0.0067082,           0.0033258,           0.0028324,           0.0028324,           0.0028324
                 183,            0.032693,            0.011199,           0.0058695,             0.98721,                   1,               0.995,              0.7681,            0.022596,           0.0066939,           0.0033292,           0.0027928,           0.0027928,           0.0027928
                 184,            0.030211,           0.0086444,           0.0040217,             0.97392,                   1,               0.995,             0.78686,            0.026898,           0.0066223,           0.0033033,           0.0027532,           0.0027532,           0.0027532
                 185,            0.032515,           0.0095794,           0.0039085,             0.97392,                   1,               0.995,             0.78686,            0.026898,           0.0066223,           0.0033033,           0.0027136,           0.0027136,           0.0027136
                 186,            0.033196,           0.0090838,           0.0035251,             0.98941,                   1,               0.995,             0.77344,            0.019301,            0.006745,           0.0033358,            0.002674,            0.002674,            0.002674
                 187,            0.025792,            0.007188,            0.003621,             0.98941,                   1,               0.995,             0.77344,            0.019301,            0.006745,           0.0033358,           0.0026344,           0.0026344,           0.0026344
                 188,            0.026768,            0.009889,           0.0037202,             0.98981,                   1,               0.995,             0.79707,            0.018435,           0.0067164,           0.0033458,           0.0025948,           0.0025948,           0.0025948
                 189,            0.027195,           0.0092179,           0.0037974,             0.98981,                   1,               0.995,             0.79707,            0.018435,           0.0067164,           0.0033458,           0.0025552,           0.0025552,           0.0025552
                 190,            0.032788,            0.010584,           0.0040118,             0.98944,                   1,               0.995,             0.80487,            0.021013,           0.0067137,           0.0033464,           0.0025156,           0.0025156,           0.0025156
                 191,            0.028209,           0.0091027,           0.0037019,             0.98518,                   1,               0.995,             0.71011,             0.02556,           0.0067392,           0.0032902,            0.002476,            0.002476,            0.002476
                 192,            0.033506,           0.0090911,           0.0036078,             0.98518,                   1,               0.995,             0.71011,             0.02556,           0.0067392,           0.0032902,           0.0024364,           0.0024364,           0.0024364
                 193,            0.032491,           0.0099382,           0.0036096,             0.99063,                   1,               0.995,             0.79586,            0.020526,           0.0066531,           0.0032592,           0.0023968,           0.0023968,           0.0023968
                 194,            0.026755,           0.0095466,            0.003253,             0.99063,                   1,               0.995,             0.79586,            0.020526,           0.0066531,           0.0032592,           0.0023572,           0.0023572,           0.0023572
                 195,            0.028147,           0.0089876,           0.0033806,             0.99183,                   1,               0.995,             0.70409,            0.025121,            0.006665,           0.0032475,           0.0023176,           0.0023176,           0.0023176
                 196,            0.034543,           0.0091483,           0.0033835,             0.99183,                   1,               0.995,             0.70409,            0.025121,            0.006665,           0.0032475,            0.002278,            0.002278,            0.002278
                 197,            0.029386,           0.0087568,           0.0036315,              0.9902,                   1,               0.995,             0.71035,            0.025013,           0.0065577,           0.0032063,           0.0022384,           0.0022384,           0.0022384
                 198,             0.03202,           0.0092543,           0.0034563,             0.99236,                   1,               0.995,             0.78633,            0.023082,           0.0065817,           0.0031932,           0.0021988,           0.0021988,           0.0021988
                 199,            0.029994,           0.0095832,           0.0037509,             0.99236,                   1,               0.995,             0.78633,            0.023082,           0.0065817,           0.0031932,           0.0021592,           0.0021592,           0.0021592
                 200,            0.030456,           0.0089938,           0.0038824,             0.99449,                   1,               0.995,             0.74266,            0.022625,           0.0066964,           0.0031879,           0.0021196,           0.0021196,           0.0021196
                 201,            0.027645,           0.0084589,           0.0034482,             0.99449,                   1,               0.995,             0.74266,            0.022625,           0.0066964,           0.0031879,             0.00208,             0.00208,             0.00208
                 202,             0.02718,           0.0098023,           0.0032941,             0.99408,                   1,               0.995,              0.8196,            0.018196,           0.0066044,           0.0031495,           0.0020404,           0.0020404,           0.0020404
                 203,            0.024708,           0.0093022,           0.0032085,             0.99408,                   1,               0.995,              0.8196,            0.018196,           0.0066044,           0.0031495,           0.0020008,           0.0020008,           0.0020008
                 204,            0.028631,           0.0078374,           0.0034357,             0.99389,                   1,               0.995,             0.81936,            0.018514,           0.0065183,           0.0031148,           0.0019612,           0.0019612,           0.0019612
                 205,            0.026285,           0.0087939,           0.0032808,             0.99391,                   1,               0.995,             0.75822,            0.021002,           0.0065306,           0.0030856,           0.0019216,           0.0019216,           0.0019216
                 206,            0.028449,           0.0096486,           0.0035508,             0.99391,                   1,               0.995,             0.75822,            0.021002,           0.0065306,           0.0030856,            0.001882,            0.001882,            0.001882
                 207,             0.02695,            0.010511,           0.0034914,             0.99334,                   1,               0.995,             0.80668,            0.017649,           0.0064707,           0.0030536,           0.0018424,           0.0018424,           0.0018424
                 208,            0.025139,           0.0091717,           0.0035399,             0.99334,                   1,               0.995,             0.80668,            0.017649,           0.0064707,           0.0030536,           0.0018028,           0.0018028,           0.0018028
                 209,            0.029634,           0.0078904,           0.0031403,             0.99307,                   1,               0.995,             0.80823,            0.018349,           0.0064667,           0.0030194,           0.0017632,           0.0017632,           0.0017632
                 210,            0.026468,           0.0083402,           0.0032235,             0.99307,                   1,               0.995,             0.80823,            0.018349,           0.0064667,           0.0030194,           0.0017236,           0.0017236,           0.0017236
                 211,            0.025217,           0.0096512,           0.0031218,             0.99289,                   1,               0.995,             0.80458,            0.018653,           0.0064122,           0.0029871,            0.001684,            0.001684,            0.001684
                 212,            0.026956,            0.008435,           0.0092446,             0.99286,                   1,               0.995,             0.78722,            0.019954,           0.0063509,           0.0029788,           0.0016444,           0.0016444,           0.0016444
                 213,            0.030398,           0.0095322,           0.0031816,             0.99286,                   1,               0.995,             0.78722,            0.019954,           0.0063509,           0.0029788,           0.0016048,           0.0016048,           0.0016048
                 214,            0.027323,           0.0093403,           0.0032047,             0.99271,                   1,               0.995,             0.79493,            0.019475,           0.0063403,           0.0029535,           0.0015652,           0.0015652,           0.0015652
                 215,            0.027441,           0.0074915,           0.0031151,             0.99271,                   1,               0.995,             0.79493,            0.019475,           0.0063403,           0.0029535,           0.0015256,           0.0015256,           0.0015256
                 216,            0.027586,            0.009528,           0.0030642,             0.99393,                   1,               0.995,             0.80932,            0.018635,           0.0062039,           0.0029492,            0.001486,            0.001486,            0.001486
                 217,            0.025255,           0.0089918,           0.0037987,             0.99393,                   1,               0.995,             0.80932,            0.018635,           0.0062039,           0.0029492,           0.0014464,           0.0014464,           0.0014464
                 218,            0.027303,           0.0095583,            0.003164,             0.99444,                   1,               0.995,             0.78325,            0.019984,           0.0062342,           0.0029544,           0.0014068,           0.0014068,           0.0014068
                 219,            0.025783,           0.0094548,           0.0032333,             0.99383,                   1,               0.995,             0.80023,            0.018029,           0.0061801,             0.00293,           0.0013672,           0.0013672,           0.0013672
                 220,            0.026558,           0.0080826,           0.0034316,             0.99383,                   1,               0.995,             0.80023,            0.018029,           0.0061801,             0.00293,           0.0013276,           0.0013276,           0.0013276
                 221,            0.025206,           0.0099787,           0.0035572,              0.9934,                   1,               0.995,             0.79784,            0.018363,           0.0062036,           0.0029276,            0.001288,            0.001288,            0.001288
                 222,             0.02451,           0.0093317,           0.0031552,              0.9934,                   1,               0.995,             0.79784,            0.018363,           0.0062036,           0.0029276,           0.0012484,           0.0012484,           0.0012484
                 223,            0.024667,           0.0087054,           0.0031086,             0.99303,                   1,               0.995,             0.81248,            0.016504,           0.0061172,           0.0029041,           0.0012088,           0.0012088,           0.0012088
                 224,            0.022624,           0.0076363,           0.0029769,             0.99303,                   1,               0.995,             0.81248,            0.016504,           0.0061172,           0.0029041,           0.0011692,           0.0011692,           0.0011692
                 225,            0.024319,           0.0090686,           0.0030909,             0.99244,                   1,               0.995,             0.80969,            0.017568,           0.0060968,            0.002872,           0.0011296,           0.0011296,           0.0011296
                 226,            0.023139,           0.0079781,           0.0030297,             0.99249,                   1,               0.995,             0.81415,            0.017364,           0.0061272,           0.0028661,             0.00109,             0.00109,             0.00109
                 227,            0.023085,           0.0098185,           0.0032292,             0.99249,                   1,               0.995,             0.81415,            0.017364,           0.0061272,           0.0028661,           0.0010504,           0.0010504,           0.0010504
                 228,            0.022953,           0.0085201,           0.0029792,             0.99274,                   1,               0.995,             0.83213,            0.016301,           0.0060728,           0.0028471,           0.0010108,           0.0010108,           0.0010108
                 229,            0.024109,           0.0095828,           0.0028978,             0.99274,                   1,               0.995,             0.83213,            0.016301,           0.0060728,           0.0028471,           0.0009712,           0.0009712,           0.0009712
                 230,            0.023256,           0.0086071,           0.0033056,              0.9923,                   1,               0.995,             0.84161,            0.016437,           0.0060108,           0.0028254,           0.0009316,           0.0009316,           0.0009316
                 231,            0.021704,           0.0077425,           0.0033043,              0.9923,                   1,               0.995,             0.84161,            0.016437,           0.0060108,           0.0028254,            0.000892,            0.000892,            0.000892
                 232,            0.025363,           0.0096019,           0.0031524,             0.99183,                   1,               0.995,             0.84505,            0.016579,             0.00601,           0.0027937,           0.0008524,           0.0008524,           0.0008524
                 233,            0.025428,           0.0082693,           0.0029716,             0.99184,                   1,               0.995,             0.80695,            0.016416,           0.0060161,           0.0027752,           0.0008128,           0.0008128,           0.0008128
                 234,            0.024722,           0.0088744,           0.0028588,             0.99184,                   1,               0.995,             0.80695,            0.016416,           0.0060161,           0.0027752,           0.0007732,           0.0007732,           0.0007732
                 235,            0.025969,           0.0081751,           0.0031484,             0.99231,                   1,               0.995,             0.81795,            0.016602,           0.0059899,           0.0027609,           0.0007336,           0.0007336,           0.0007336
                 236,             0.02691,           0.0093354,            0.003231,             0.99231,                   1,               0.995,             0.81795,            0.016602,           0.0059899,           0.0027609,            0.000694,            0.000694,            0.000694
                 237,            0.020929,           0.0064294,           0.0029436,              0.9922,                   1,               0.995,             0.83238,            0.015535,           0.0059685,           0.0027589,           0.0006544,           0.0006544,           0.0006544
                 238,            0.022256,           0.0067955,           0.0029618,              0.9922,                   1,               0.995,             0.83238,            0.015535,           0.0059685,           0.0027589,           0.0006148,           0.0006148,           0.0006148
                 239,              0.0229,            0.010458,           0.0029473,              0.9922,                   1,               0.995,             0.83962,            0.015656,           0.0059589,           0.0027535,           0.0005752,           0.0005752,           0.0005752
                 240,            0.022305,           0.0083075,           0.0029616,             0.99194,                   1,               0.995,             0.84711,            0.014839,           0.0059591,            0.002752,           0.0005356,           0.0005356,           0.0005356
                 241,            0.022769,           0.0092411,           0.0030436,             0.99194,                   1,               0.995,             0.84711,            0.014839,           0.0059591,            0.002752,            0.000496,            0.000496,            0.000496
                 242,            0.024911,           0.0088229,           0.0029744,              0.9915,                   1,               0.995,             0.84316,            0.015528,           0.0059022,           0.0027309,           0.0004564,           0.0004564,           0.0004564
                 243,            0.023247,           0.0089201,           0.0032173,              0.9915,                   1,               0.995,             0.84316,            0.015528,           0.0059022,           0.0027309,           0.0004168,           0.0004168,           0.0004168
                 244,            0.022349,           0.0082768,           0.0027745,             0.99145,                   1,               0.995,             0.84352,            0.015801,           0.0058764,           0.0027125,           0.0003772,           0.0003772,           0.0003772
                 245,            0.023274,           0.0076761,           0.0030573,             0.99145,                   1,               0.995,             0.84352,            0.015801,           0.0058764,           0.0027125,           0.0003376,           0.0003376,           0.0003376
                 246,            0.024736,           0.0087279,           0.0040821,             0.99163,                   1,               0.995,             0.84377,            0.015906,           0.0058659,           0.0027209,            0.000298,            0.000298,            0.000298
                 247,            0.021662,           0.0089098,           0.0029387,             0.99167,                   1,               0.995,             0.84376,            0.015424,           0.0058594,           0.0027096,           0.0002584,           0.0002584,           0.0002584
                 248,            0.024531,           0.0080511,           0.0032359,             0.99167,                   1,               0.995,             0.84376,            0.015424,           0.0058594,           0.0027096,           0.0002188,           0.0002188,           0.0002188
                 249,            0.022222,           0.0080592,           0.0029565,              0.9917,                   1,               0.995,             0.84376,            0.015129,           0.0058616,           0.0027039,           0.0001792,           0.0001792,           0.0001792
